{"event_id":70,"teamid":101,"team_name":"syracuse","conference":"acc","team_overall_wins":11,"team_overall_losses":2,"team_goals":14,"team_result":"Winning","players":[{"player_jersey_number":1,"player_name":"sarah","current_game_shots":8,"current_game_goals":6,"current_game_goal_percent":75.0},{"player_jersey_number":2,"player_name":"steve","current_game_shots":7,"current_game_goals":2,"current_game_goal_percent":28.57},{"player_jersey_number":4,"player_name":"shree","current_game_shots":5,"current_game_goals":1,"current_game_goal_percent":20.0},{"player_jersey_number":6,"player_name":"sam","current_game_shots":4,"current_game_goals":2,"current_game_goal_percent":50.0},{"player_jersey_number":8,"player_name":"sly","current_game_shots":4,"current_game_goals":0,"current_game_goal_percent":0.0},{"player_jersey_number":9,"player_name":"sol","current_game_shots":5,"current_game_goals":0,"current_game_goal_percent":0.0},{"player_jersey_number":10,"player_name":"swede","current_game_shots":3,"current_game_goals":1,"current_game_goal_percent":33.33},{"player_jersey_number":13,"player_name":"stone","current_game_shots":7,"current_game_goals":1,"current_game_goal_percent":14.29},{"player_jersey_number":15,"player_name":"shelly","current_game_shots":3,"current_game_goals":1,"current_game_goal_percent":33.33},{"player_jersey_number":17,"player_name":"sean","current_game_shots":2,"current_game_goals":0,"current_game_goal_percent":0.0}]}
