{"teamid":101,"team_name":"syracuse","conference":"acc","team_overall_wins":11,"team_overall_losses":2,"current_team_score":6,"players":[{"teamid":101,"player_jersey_number":9,"player_name":"sol","current_game_shots":2,"current_game_goals":0,"current_game_goal_percent":0.0},{"teamid":101,"player_jersey_number":10,"player_name":"swede","current_game_shots":1,"current_game_goals":1,"current_game_goal_percent":100.0},{"teamid":101,"player_jersey_number":2,"player_name":"steve","current_game_shots":4,"current_game_goals":1,"current_game_goal_percent":25.0},{"teamid":101,"player_jersey_number":8,"player_name":"sly","current_game_shots":0,"current_game_goals":0,"current_game_goal_percent":0.0},{"teamid":101,"player_jersey_number":13,"player_name":"stone","current_game_shots":1,"current_game_goals":0,"current_game_goal_percent":0.0},{"teamid":101,"player_jersey_number":6,"player_name":"sam","current_game_shots":1,"current_game_goals":0,"current_game_goal_percent":0.0},{"teamid":101,"player_jersey_number":15,"player_name":"shelly","current_game_shots":0,"current_game_goals":0,"current_game_goal_percent":0.0},{"teamid":101,"player_jersey_number":1,"player_name":"sarah","current_game_shots":3,"current_game_goals":3,"current_game_goal_percent":100.0},{"teamid":101,"player_jersey_number":4,"player_name":"shree","current_game_shots":3,"current_game_goals":1,"current_game_goal_percent":33.33},{"teamid":101,"player_jersey_number":17,"player_name":"sean","current_game_shots":1,"current_game_goals":0,"current_game_goal_percent":0.0}]}
