{"event_id":70,"teamid":205,"team_name":"johns hopkins","conference":"big10","team_overall_wins":9,"team_overall_losses":4,"team_goals":9,"team_result":"Losing","players":[{"player_jersey_number":1,"player_name":"jimmy","current_game_shots":3,"current_game_goals":3,"current_game_goal_percent":100.0},{"player_jersey_number":2,"player_name":"james","current_game_shots":3,"current_game_goals":1,"current_game_goal_percent":33.33},{"player_jersey_number":3,"player_name":"jane","current_game_shots":1,"current_game_goals":0,"current_game_goal_percent":0.0},{"player_jersey_number":5,"player_name":"jimmy","current_game_shots":2,"current_game_goals":1,"current_game_goal_percent":50.0},{"player_jersey_number":8,"player_name":"julie","current_game_shots":2,"current_game_goals":1,"current_game_goal_percent":50.0},{"player_jersey_number":9,"player_name":"julie","current_game_shots":4,"current_game_goals":0,"current_game_goal_percent":0.0},{"player_jersey_number":15,"player_name":"jane","current_game_shots":2,"current_game_goals":2,"current_game_goal_percent":100.0},{"player_jersey_number":16,"player_name":"jimmy","current_game_shots":1,"current_game_goals":0,"current_game_goal_percent":0.0},{"player_jersey_number":17,"player_name":"james","current_game_shots":3,"current_game_goals":1,"current_game_goal_percent":33.33},{"player_jersey_number":22,"player_name":"julie","current_game_shots":1,"current_game_goals":0,"current_game_goal_percent":0.0}]}
