{"event_id":18,"timestamp":"00:43:29","away":{"_id":18,"timestamp":"00:43:29","home":{"teamid":205,"teamname":"johns hopkins","conference":"big10","wins":9,"losses":4,"score":2,"status":"Losing","players":[{"id":1,"name":"jimmy","shots":1,"goals":1,"pct":100.0},{"id":2,"name":"james","shots":0,"goals":0,"pct":0.0},{"id":3,"name":"jane","shots":0,"goals":0,"pct":0.0},{"id":5,"name":"jimmy","shots":0,"goals":0,"pct":0.0},{"id":8,"name":"julie","shots":2,"goals":1,"pct":50.0},{"id":9,"name":"julie","shots":0,"goals":0,"pct":0.0},{"id":15,"name":"jane","shots":0,"goals":0,"pct":0.0},{"id":16,"name":"jimmy","shots":0,"goals":0,"pct":0.0},{"id":17,"name":"james","shots":0,"goals":0,"pct":0.0},{"id":22,"name":"julie","shots":0,"goals":0,"pct":0.0}]},"away":{"teamid":205,"teamname":"johns hopkins","conference":"big10","wins":9,"losses":4,"score":2,"status":"Losing","players":[{"id":1,"name":"jimmy","shots":1,"goals":1,"pct":100.0},{"id":2,"name":"james","shots":0,"goals":0,"pct":0.0},{"id":3,"name":"jane","shots":0,"goals":0,"pct":0.0},{"id":5,"name":"jimmy","shots":0,"goals":0,"pct":0.0},{"id":8,"name":"julie","shots":2,"goals":1,"pct":50.0},{"id":9,"name":"julie","shots":0,"goals":0,"pct":0.0},{"id":15,"name":"jane","shots":0,"goals":0,"pct":0.0},{"id":16,"name":"jimmy","shots":0,"goals":0,"pct":0.0},{"id":17,"name":"james","shots":0,"goals":0,"pct":0.0},{"id":22,"name":"julie","shots":0,"goals":0,"pct":0.0}]}},"home":{"_id":18,"timestamp":"00:43:29","home":{"teamid":101,"teamname":"syracuse","conference":"acc","wins":11,"losses":2,"score":6,"status":"Winning","players":[{"id":1,"name":"sarah","shots":3,"goals":3,"pct":100.0},{"id":2,"name":"steve","shots":4,"goals":1,"pct":25.0},{"id":4,"name":"shree","shots":3,"goals":1,"pct":33.33},{"id":6,"name":"sam","shots":1,"goals":0,"pct":0.0},{"id":8,"name":"sly","shots":0,"goals":0,"pct":0.0},{"id":9,"name":"sol","shots":2,"goals":0,"pct":0.0},{"id":10,"name":"swede","shots":1,"goals":1,"pct":100.0},{"id":13,"name":"stone","shots":1,"goals":0,"pct":0.0},{"id":15,"name":"shelly","shots":0,"goals":0,"pct":0.0},{"id":17,"name":"sean","shots":1,"goals":0,"pct":0.0}]},"away":{"teamid":101,"teamname":"syracuse","conference":"acc","wins":11,"losses":2,"score":6,"status":"Winning","players":[{"id":1,"name":"sarah","shots":3,"goals":3,"pct":100.0},{"id":2,"name":"steve","shots":4,"goals":1,"pct":25.0},{"id":4,"name":"shree","shots":3,"goals":1,"pct":33.33},{"id":6,"name":"sam","shots":1,"goals":0,"pct":0.0},{"id":8,"name":"sly","shots":0,"goals":0,"pct":0.0},{"id":9,"name":"sol","shots":2,"goals":0,"pct":0.0},{"id":10,"name":"swede","shots":1,"goals":1,"pct":100.0},{"id":13,"name":"stone","shots":1,"goals":0,"pct":0.0},{"id":15,"name":"shelly","shots":0,"goals":0,"pct":0.0},{"id":17,"name":"sean","shots":1,"goals":0,"pct":0.0}]}}}
